{"init_loss": 0.8282102452978566, "final_loss": 0.817139638831719, "max_hyperparameter": {"min_dist": 0.049603957885478334, "n_neighbors": 19.148441077532233}, "initial_embiguity": 0.6658298975982427, "final_ambiguity": 0.4889368446026144, "init_max_hyperparameter": {"min_dist": 0.18035545351157523, "n_neighbors": 70.36516799987561}}