{"init_loss": 0.17293967881836267, "final_loss": 0.15538736624868132, "max_hyperparameter": {"min_dist": 0.9486660045148502, "n_neighbors": 47.971812693236394}, "initial_embiguity": 0.7317246311043905, "final_ambiguity": 0.739793971763483, "init_max_hyperparameter": {"min_dist": 0.14038693859523377, "n_neighbors": 41.224094838806}}