{"init_loss": 0.7221307938023178, "final_loss": 0.7081596459185333, "max_hyperparameter": {"min_dist": 0.09473974857984957, "n_neighbors": 25.371933899977407}, "initial_embiguity": 0.8257124387970032, "final_ambiguity": 0.6952697261330799, "init_max_hyperparameter": {"min_dist": 0.1422247695013844, "n_neighbors": 81.25170775178209}}