{"init_loss": 0.7618952793278618, "final_loss": 0.7511463995547351, "max_hyperparameter": {"min_dist": 0.036472797721412875, "n_neighbors": 166.83492072261345}, "initial_embiguity": 0.9930782254621641, "final_ambiguity": 0.6567375951388876, "init_max_hyperparameter": {"min_dist": 0.22240315858016124, "n_neighbors": 176.50708430912744}}