{"init_loss": 0.5023956240393006, "final_loss": 0.48555457061712265, "max_hyperparameter": {"min_dist": 0.09473974857984957, "n_neighbors": 25.371933899977407}, "initial_embiguity": 0.6409240542832603, "final_ambiguity": 0.3314993034542868, "init_max_hyperparameter": {"min_dist": 0.19043317296246298, "n_neighbors": 175.88126115290717}}