{"init_loss": 0.8721145520583402, "final_loss": 0.8353030820079168, "max_hyperparameter": {"min_dist": 0.28754105723502255, "n_neighbors": 68.95420581913686}, "initial_embiguity": 0.3942434447315918, "final_ambiguity": 0.3710726112255757, "init_max_hyperparameter": {"min_dist": 0.5532013112905607, "n_neighbors": 141.0055434917325}}